/*
Navicat MySQL Data Transfer

Source Server         : admin
Source Server Version : 80013
Source Host           : localhost:3306
Source Database       : blog

Target Server Type    : MYSQL
Target Server Version : 80013
File Encoding         : 65001

Date: 2020-09-03 13:49:40
*/

SET FOREIGN_KEY_CHECKS=0;

-- ----------------------------
-- Table structure for t_blog
-- ----------------------------
DROP TABLE IF EXISTS `t_blog`;
CREATE TABLE `t_blog` (
  `id` bigint(20) NOT NULL AUTO_INCREMENT,
  `appreciation` bit(1) NOT NULL,
  `commentable` bit(1) NOT NULL,
  `content` longtext COLLATE utf8mb4_bin,
  `create_time` datetime(6) DEFAULT NULL,
  `first_picture` varchar(255) COLLATE utf8mb4_bin DEFAULT NULL,
  `flag` varchar(255) COLLATE utf8mb4_bin DEFAULT NULL,
  `published` bit(1) NOT NULL,
  `recommend` bit(1) NOT NULL,
  `share_statement` bit(1) NOT NULL,
  `title` varchar(255) COLLATE utf8mb4_bin DEFAULT NULL,
  `update_time` datetime(6) DEFAULT NULL,
  `views` int(11) DEFAULT NULL,
  `type_id` bigint(20) DEFAULT NULL,
  `user_id` bigint(20) DEFAULT NULL,
  `description` varchar(255) CHARACTER SET utf8mb4 COLLATE utf8mb4_bin DEFAULT NULL,
  PRIMARY KEY (`id`),
  KEY `FK292449gwg5yf7ocdlmswv9w4j` (`type_id`),
  KEY `FK8ky5rrsxh01nkhctmo7d48p82` (`user_id`),
  CONSTRAINT `FK292449gwg5yf7ocdlmswv9w4j` FOREIGN KEY (`type_id`) REFERENCES `t_type` (`id`),
  CONSTRAINT `FK8ky5rrsxh01nkhctmo7d48p82` FOREIGN KEY (`user_id`) REFERENCES `t_user` (`id`)
) ENGINE=InnoDB AUTO_INCREMENT=11 DEFAULT CHARSET=utf8mb4 COLLATE=utf8mb4_bin;

-- ----------------------------
-- Records of t_blog
-- ----------------------------
INSERT INTO `t_blog` VALUES ('1', '', '', 0x232320E4B8802EE695B0E68DAEE7B1BBE59E8BE7AE80E4BB8B0D0A312E206A73E79A84E695B0E68DAEE7B1BBE59E8BE58886E4B8BAE4B8A4E7A78DEFBC9AE58E9FE5A78BE7B1BBE59E8BEFBC88E58DB3E59FBAE69CACE695B0E68DAEE7B1BBE59E8BEFBC89E5928CE5AFB9E8B1A1E7B1BBE59E8BEFBC88E58DB3E5BC95E794A8E695B0E68DAEE7B1BBE59E8BEFBC89EFBC9B0D0A322E206A73E5B8B8E794A8E79A84E59FBAE69CACE695B0E68DAEE7B1BBE59E8BE58C85E68BAC756E646566696E6564E380816E756C6CE380816E756D626572E38081626F6F6C65616EE38081737472696E67EFBC9B0D0A332E206A73E79A84E5BC95E794A8E695B0E68DAEE7B1BBE59E8BE4B99FE5B0B1E698AFE5AFB9E8B1A1E7B1BBE59E8B4F626A656374EFBC8CE6AF94E5A682EFBC9A4F626A656374E380816172726179E3808166756E6374696F6EE3808164617461E7AD89EFBC9B0D0A0D0A232320E4BA8C2EE59FBAE69CACE695B0E68DAEE7B1BBE59E8BE789B9E782B90D0A312EE59FBAE69CACE695B0E68DAEE7B1BBE59E8BE698AFE68C89E580BCE8AEBFE997AEE79A84EFBC8CE5B0B1E698AFE8AFB4E68891E4BBACE58FAFE4BBA5E6938DE4BD9CE4BF9DE5AD98E59CA8E58F98E9878FE4B8ADE79A84E5AE9EE99985E79A84E580BCEFBC9B0D0A0D0A322EE59FBAE69CACE695B0E68DAEE7B1BBE59E8BE79A84E580BCE698AFE4B88DE58FAFE58F98E79A84EFBC8CE4BBBBE4BD95E696B9E6B395E983BDE697A0E6B395E694B9E58F98E4B880E4B8AAE59FBAE69CACE695B0E68DAEE7B1BBE59E8BE79A84E580BCEFBC8CE6AF94E5A682E4B880E4B8AAE5AD97E7ACA6E4B8B2EFBC9A0D0A6060606A6176617363726970740D0A20206C6574206E616D65203D20277A68616E6773616E270D0A20206E616D652E73756273747228290D0A2020636F6E736F6C652E6C6F67286E616D6529202F2F20E8BE93E587BAEFBC9A7A68616E6773616E0D0A20206C657420616765203D20276669727374626C6F6F64270D0A20206167652E746F55707065724361736528290D0A2020636F6E736F6C652E6C6F672861676529202F2F20E8BE93E587BAEFBC9A6669727374626C6F6F640D0A6060600D0AE9809AE8BF87E4B88AE99DA2E79A84E4BE8BE5AD90EFBC8CE68891E4BBACE58FAFE4BBA5E58F91E78EB0E58E9FE69DA5E5AE9AE4B989E79A84E58F98E9878F6E616D65E79A84E580BCE5A78BE7BB88E6B2A1E69C89E58F91E7949FE694B9E58F98EFBC8CE8808CE8B083E794A87375627374722829E5928C746F5570706572436173652829E696B9E6B395E5908EE8BF94E59B9EE79A84E698AFE4B880E4B8AAE696B0E79A84E5AD97E7ACA6E4B8B2EFBC8CE8B79FE58E9FE69DA5E5AE9AE4B989E79A84E58F98E9878F6E616D65E5B9B6E6B2A1E69C89E4BB80E4B988E585B3E7B3BBE380820D0AE5868DE79C8BE4B88BE99DA2E79A84E4BBA3E7A081EFBC9A0D0A6060606A6176617363726970740D0A20206C6574206E616D65203D20277A68616E6773616E270D0A20206E616D65203D20276C697369270D0A2020636F6E736F6C652E6C6F67286E616D6529202F2F20E8BE93E587BAEFBC9A6C6973690D0A6060600D0AE4B88AE99DA2E79A84E4BE8BE5AD90E79C8BE69DA56E616D65E79A84E580BCE5A5BDE5838FE2809CE694B9E58F98E4BA86E2809DEFBC8CE8BF99E9878CE79A84E59FBAE7A180E695B0E68DAEE7B1BBE59E8BE698AF737472696E67EFBC8CE4B99FE5B0B1E698AFE2809C7A6861676E73616EE2809DEFBC8CE8BF99E9878CE79A84E2809C7A68616E6773616EE2809DE698AFE4B88DE58FAFE4BBA5E694B9E58F98E79A84EFBC8C6E616D65E58FAAE698AFE68C87E59091E2809C7A6861676E73616EE2809DE79A84E4B880E4B8AAE68C87E99288EFBC8CE68C87E99288E79A84E68C87E59091E4B88DE58FAFE4BBA5E694B9E58F98EFBC8CE68980E4BBA5E4B88BE99DA2E79A846E616D65203D20276C69736927EFBC8CE5B0866E616D65E68C87E59091E4BA86E2809C6C697369E2809DEFBC8CE8BF99E9878CE79A84E2809C6C697369E2809DE4B99FE698AFE4B88DE58FAFE4BBA5E694B9E58F98E79A84E38082E4B99FE5B0B1E698AFE8AFB4E8BF99E9878CE79A84E694B9E58F98E58FAAE698AFE2809CE68C87E99288E68C87E59091E79A84E694B9E58F98E2809DE380820D0A0D0A332EE59FBAE69CACE695B0E68DAEE7B1BBE59E8BE4B88DE58FAFE4BBA5E6B7BBE58AA0E5B19EE680A7E5928CE696B9E6B3950D0A6060606A6176617363726970740D0A20206C65742075736572203D20277A68616E6773616E270D0A2020757365722E616765203D2031380D0A2020757365722E6D6574686F64203D2066756E6374696F6E202829207B0D0A202020202020636F6E736F6C652E6C6F672827313233343527290D0A20207D0D0A2020636F6E736F6C652E6C6F6728757365722E61676529202F2F20E8BE93E587BAEFBC9A756E646566696E65640D0A2020636F6E736F6C652E6C6F6728757365722E6D6574686F6429202F2F20E8BE93E587BAEFBC9A756E646566696E65640D0A6060600D0AE4B88AE99DA2E79A84E4BBA3E7A081E58FAFE4BBA5E79C8BE587BAEFBC8CE59FBAE69CACE695B0E68DAEE7B1BBE59E8BE698AFE4B88DE883BDE6B7BBE58AA0E5B19EE680A7E5928CE696B9E6B395E79A84EFBC8CE5868DE6ACA1E8AFB4E6988EE59FBAE69CACE695B0E68DAEE7B1BBE59E8BE698AFE4B88DE58FAFE58F98E79A84E380820D0A0D0A342EE59FBAE69CACE695B0E68DAEE7B1BBE59E8BE79A84E8B58BE580BCE698AFE7AE80E58D95E79A84E8B58BE580BCEFBC88E5A682E69E9CE4BB8EE4B880E4B8AAE58F98E9878FE59091E58FA6E4B880E4B8AAE58F98E9878FE8B58BE580BCE59FBAE69CACE7B1BBE59E8BE79A84E580BCEFBC8CE4BC9AE59CA8E58F98E9878FE5AFB9E8B1A1E4B88AE5889BE5BBBAE4B880E4B8AAE696B0E580BCEFBC8CE784B6E5908EE68A8AE8AFA5E580BCE8B58BE580BCE588B0E4BD8DE696B0E58F98E9878FE58886E9858DE79A84E4BD8DE7BDAEE4B88AEFBC890D0A6060606A6176617363726970740D0A20206C65742061203D2031380D0A20206C65742062203D20610D0A2020612B2B0D0A2020636F6E736F6C652E6C6F67286129202F2F20E8BE93E587BAEFBC9A31390D0A2020636F6E736F6C652E6C6F67286229202F2F20E8BE93E587BAEFBC9A31380D0A6060600D0AE4B88AE99DA2E79A84E4BBA3E7A081EFBC8C61E4B8ADE4BF9DE5AD98E79A84E580BCE698AF3138EFBC8CE5BD93E4BDBFE794A861E79A84E580BCE69DA5E5889DE5A78BE58C9662E697B6EFBC8C62E4B8ADE4B99FE4BF9DE5AD98E4BA86E580BC3138EFBC8CE4BD86E698AF62E4B8ADE79A843138E5928C61E4B8ADE79A843138E5AE8CE585A8E698AFE78BACE7AB8BE79A84EFBC8C62E4B8ADE79A84E580BCE58FAAE698AF61E4B8ADE580BCE79A84E4B880E4B8AAE589AFE69CACEFBC8CE68980E4BBA5E8BF99E4B8A4E4B8AAE58F98E9878FE58FAFE4BBA5E58F82E4B88EE4BBBBE4BD95E6938DE4BD9CE8808CE4B88DE4BC9AE79BB8E4BA92E5BDB1E5938DE380820D0A0D0A352EE59FBAE69CACE695B0E68DAEE7B1BBE59E8BE79A84E6AF94E8BE83E698AFE580BCE79A84E6AF94E8BE830D0A6060606A61766163726970740D0A20207661722061203D20277B7D270D0A20207661722062203D20277B7D270D0A2020636F6E736F6C652E6C6F672861203D3D3D206229202F2F20E8BE93E587BAEFBC9A747275650D0A6060600D0A0D0A362EE59FBAE69CACE7B1BBE59E8BE79A84E580BCE59CA8E58685E5AD98E4B8ADE58DA0E68DAEE59BBAE5AE9AE5A4A7E5B08FE79A84E7A9BAE997B4EFBC8CE8A2ABE4BF9DE5AD98E59CA8E6A088E58685E5AD98E4B8ADE38082EFBC88E4BB8EE4B880E4B8AAE58F98E9878FE59091E58FA6E4B880E4B8AAE58F98E9878FE5A48DE588B6E59FBAE69CACE7B1BBE59E8BE79A84E580BCEFBC8CE4BC9AE5889BE5BBBAE8BF99E4B8AAE580BCE79A84E4B880E4B8AAE589AFE69CACEFBC890D0AE58187E5A682E69C89E4BBA5E4B88BE587A0E4B8AAE59FBAE69CACE7B1BBE59E8BE79A84E58F98E9878FEFBC9A0D0A6060606A6176617363726970740D0A20206C6574206E616D65203D20277A68616E6773616E270D0A20206C657420616765203D2031380D0A20206C657420776569676874203D202736306B67270D0A6060600D0AE4BB96E79A84E5AD98E582A8E7BB93E69E84E5A682E4B88BE59BBEEFBC88E6A088E58CBAE58C85E68BACE4BA86E58F98E9878FE79A84E6A087E8AF86E7ACA6E5928CE58F98E9878FE79A84E580BCEFBC89EFBC9A0D0A0D0A7CE6A088E58CBAEFBC88E58F98E9878FE6A087E8AF86E7ACA6EFBC897CE6A088E58CBAEFBC88E58F98E9878FE580BCEFBC897C0D0A7C202D2D2D2D2D207C202D2D2D2D2D207C0D0A7C206E616D6520207C207A68616E6773616E20207C0D0A7C2061676520207C20203138207C0D0A7C2077656967687420207C2036306B6720207C0D0A0D0A232320E4B889E38081E59FBAE69CACE695B0E68DAEE7B1BBE59E8BE8AFA6E8A7A30D0A312E6E756D626572E7B1BBE59E8B0D0AE291A06E756D626572E7B1BBE59E8BE58C85E590ABE695B4E695B0E5928CE6B5AEE782B9E695B0EFBC88E6B5AEE782B9E695B0E695B0E580BCE5BF85E9A1BBE58C85E590ABE4B880E4B8AAE5B08FE695B0E782B9EFBC8CE4B894E5B08FE695B0E782B9E5908EE887B3E5B091E69C89E4B880E4BD8DE695B0E5AD97EFBC89E380820D0AE6B5AEE782B9E695B0E4BC9AE887AAE58AA8E8BDACE68DA2E4B8BAE695B4E695B0EFBC8CE5A682E4B88BEFBC9A0D0A6060606A6176617363726970740D0A20206C6574206E756D203D20312E30300D0A2020636F6E736F6C652E6C6F67286E756D29202F2F20E8BE93E587BAEFBC9A31EFBC8CE887AAE58AA8E8BDACE68DA2E4B8BAE4BA86E695B4E695B00D0A6060600D0AE291A1E6B5AEE782B9E695B0E79A84E69C80E9AB98E7B2BEE5BAA6E698AF3137E4BD8DEFBC8CE79C8BE4B88BE99DA2E79A84E4BE8BE5AD90EFBC9A0D0A6060606A6176617363726970740D0A20206C65742061203D20302E310D0A20206C65742062203D20302E320D0A2020636F6E736F6C652E6C6F672861202B206229202F2F20E8BE93E587BAEFBC9A302E33303030303030303030303030303030340D0A6060600D0AE4B88AE99DA2E79A84E4BE8BE5AD90EFBC8CE7BB93E69E9CE7AB9FE784B6E4B88DE698AF302E33EFBC8CE887B3E4BA8EE585B6E4BB96E58F98E68890E8AFADE8A880EFBC8CE4B99FE4BC9AE98187E588B0E8BF99E7A78DE68385E586B5EFBC88E585B3E4BA8EE6B5AEE782B9E695B0E8AEA1E7AE97E4BC9AE4BAA7E7949FE8AFAFE5B7AEE997AEE9A298EFBC8CE585B6E4BB96E69C89E4BA9BE58F98E68890E8AFADE8A880E4B99FE4BC9AE587BAE78EB0E7B1BBE4BCBCE68385E586B5E38082EFBC890D0AE291A24E614EEFBC9AE99D9EE695B0E5AD97E7B1BBE59E8BEFBC8CE789B9E782B9EFBC9AE6B689E58F8AE588B0E4BBBBE4BD95E585B3E4BA8E4E614EE79A84E6938DE4BD9CEFBC8CE983BDE4BC9AE8BF94E59B9E4E614EEFBC8CE8808CE4B8944E614EE4B88DE7AD89E4BA8EE887AAE8BAABE38082E5A682E4B88BEFBC9A0D0A6060606A6176617363726970740D0A20206C6574206E616D65203D20276C697369270D0A2020636F6E736F6C652E6C6F67286E616D65202F20313029202F2F20E8BE93E587BAEFBC9A4E614E0D0A2020636F6E736F6C652E6C6F67284E614E203D3D3D204E614E29202F2F20E8BE93E587BAEFBC9A66616C73650D0A6060600D0AE291A369734E614E2829E587BDE695B0E794A8E4BA8EE588A4E696ADE698AFE590A6E698AFE4B880E4B8AAE99D9EE695B0E5AD97E7B1BBE59E8BEFBC8CE5A682E69E9CE4BCA0E585A5E79A84E58F82E695B0E698AFE4B880E4B8AAE99D9EE695B0E5AD97E7B1BBE59E8BEFBC8CE982A3E4B988E8BF94E59B9E74727565EFBC8CE590A6E58899E8BF94E59B9E66616C7365EFBC9B0D0AE291A469734E614E2829E587BDE695B0E4BCA0E585A5E4B880E4B8AAE58F82E695B0EFBC8CE587BDE695B0E4BC9AE58588E5B086E58F82E695B0E8BDACE68DA2E4B8BAE695B0E580BCEFBC8CE5A682E69E9CE58F82E695B0E7B1BBE59E8BE4B8BAE5AFB9E8B1A1E7B1BBE59E8BEFBC8CE4BC9AE58588E8B083E794A8E5AFB9E8B1A1E79A8476616C75654F662829E696B9E6B395EFBC8CE5868DE7A1AEE5AE9AE8AFA5E696B9E6B395E8BF94E59B9EE79A84E580BCE698AFE590A6E58FAFE4BBA5E8BDACE68DA2E4B8BAE695B0E580BCE7B1BBE59E8BEFBC8CE5A682E69E9CE4B88DE883BDEFBC8CE5868DE8B083E794A8E5AFB9E8B1A1E79A84746F537472696E672829E696B9E6B395EFBC8CE5868DE7A1AEE5AE9AE8BF94E59B9EE580BCEFBC9B0D0AE291A6E695B0E580BCE8BDACE58C960D0A3E4E756D6265722829EFBC8CE8BDACE59E8BE587BDE695B0EFBC8CE58FAFE4BBA5E794A8E4BA8EE4BBBBE4BD95E695B0E68DAEE7B1BBE59E8B0D0A7061727365496E742829EFBC8CE5B086E580BCE8BDACE68DA2E4B8BAE695B4E59E8BEFBC8CE794A8E79A84E8BE83E5A49A0D0A7061727365466C6F61742829EFBC8CE5B086E580BCE8BDACE68DA2E4B8BAE6B5AEE782B9E59E8B0D0A0D0A322E737472696E67E7B1BBE59E8B0D0AE291A0E5AD97E7ACA6E4B8B2E7B1BBE59E8BE4B8ADE79A84E58D95E58F8CE5BC95E58FB7E4BD9CE794A8E4B880E6A0B7EFBC9B0D0AE291A1E5AD97E7ACA6E4B8B2E69C896C656E677468E5B19EE680A7EFBC8CE58FAFE4BBA5E58F96E5BE97E5AD97E7ACA6E4B8B2E79A84E995BFE5BAA6EFBC9A0D0A6060606A6176617363726970740D0A20206C657420737472203D202748656C6C6F20776F726C64270D0A2020636F6E736F6C652E6C6F67287374722E6C656E67746829202F2F20E8BE93E587BAEFBC9A31310D0A6060600D0AE291A2E5AD97E7ACA6E4B8B2E79A84E580BCE698AFE4B88DE58FAFE58F98E79A84EFBC8CE8A681E694B9E58F98E4B880E4B8AAE5AD97E7ACA6E4B8B2E79A84E580BCEFBC8CE9A696E58588E8A681E99480E6AF81E58E9FE69DA5E79A84E5AD97E7ACA6E4B8B2EFBC8CE5868DE794A8E58FA6E4B880E4B8AAE58C85E590ABE696B0E580BCE5BE97E5AD97E7ACA6E4B8B2E58CBAE5A1ABE58585E8AFA5E5AD97E7ACA6E4B8B2EFBC9B0D0AE291A3E5AD97E7ACA6E4B8B2E8BDACE68DA2EFBC9A0D0A3E537472696E672829EFBC8CE8BDACE59E8BE587BDE695B0EFBC8CE98082E794A8E4BA8EE4BBBBE4BD95E695B0E68DAEE7B1BBE59E8BEFBC886E756C6CEFBC8C756E646566696E6564E8BDACE68DA2E5908EE4B8BA6E756C6CE5928C756E646566696E6564EFBC890D0A746F537472696E672829E696B9E6B395E58FAFE4BBA5E68A8AE4B880E4B8AAE980BBE8BE91E580BCE8BDACE68DA2E4B8BAE5AD97E7ACA6E4B8B2EFBC8CE5B9B6E8BF94E59B9EE7BB93E69E9CEFBC886E756C6CE38081756E646566696E6564E6B2A1E69C89746F537472696E672829E696B9E6B395EFBC890D0A0D0A332E626F6F6C65616EE7B1BBE59E8B0D0AE291A0E8BF99E4B8AAE7B1BBE59E8BE58FAAE69C89E4B8A4E4B8AAE580BCEFBC8C74727565E5928C66616C7365EFBC9B0D0AE291A1426F6F6C65616E2829EFBC8CE8BDACE59E8BE587BDE695B0EFBC8CE5B086E69F90E4B8AAE580BCE8BDACE68DA2E4B8BA426F6F6C65616EE7B1BBE59E8B3B0D0A0D0A342E6E756C6CE7B1BBE59E8B0D0AE291A06E756C6CE7B1BBE59E8BE8A2ABE79C8BE5819AE7A9BAE5AFB9E8B1A1E68C87E99288EFBC8CE58FAAE69C89E4B880E4B8AAE580BCEFBC8CE58DB36E756C6CE580BCEFBC8CE68980E4BBA5E59CA8E794A8747970656F66E6938DE4BD9CE7ACA6E58EBBE6A380E6B58B6E756C6CE7B1BBE59E8BE79A84E580BCE5BE97E697B6E58099EFBC8CE7BB93E69E9CE698AF6F626A656374E7B1BBE59E8BEFBC9B0D0AE291A1E5A682E69E9CE4BDA0E5AE9AE4B989E4BA86E4B880E4B8AAE58F98E9878FEFBC8CE4BD86E698AFE683B3E59CA8E4BBA5E5908EE68A8AE8BF99E4B8AAE5AFB9E8B1A1E5BD93E5819AE4B880E4B8AAE5AFB9E8B1A1E69DA5E4BDBFE794A8EFBC8CE69C80E5A5BDE5B086E8AFA5E5AFB9E8B1A1E5889DE5A78BE58C96E4B8BA6E756C6CE580BC0D0A0D0A352E756E646566696E6564E7B1BBE59E8B0D0AE291A0E58FAAE69C89E4B880E4B8AAE580BCEFBC8CE58DB3756E646566696E6564EFBC8CE5A682E69E9CE5A3B0E6988EE4BA86E4B880E4B8AAE58F98E9878FEFBC8CE4BD86E698AFE69CAAE7BB99E58F98E9878FE5889DE5A78BE58C96E580BCEFBC8CE982A3E4B988E8BF99E4B8AAE58F98E9878FE79A84E580BCE5B0B1E698AF756E646566696E6564EFBC9A0D0A6060606A6176617363726970740D0A20206C6574206E616D65203D20277A68616E6773616E270D0A20206C6574206167650D0A2020636F6E736F6C652E6C6F67286E616D6529202F2F20E8BE93E587BAEFBC9A7A68616E6773616E0D0A2020636F6E736F6C652E6C6F672861676529202F2F20756E646566696E6564EFBC8CE59BA0E4B8BAE5A3B0E6988EE4BA86616765EFBC8CE4BD86E698AFE6B2A1E69C89E7BB99E5889DE5A78BE58C96E580BC0D0A6060600D0AE291A1E8B083E794A8E587BDE695B0E697B6EFBC8CE5BA94E8AFA5E68F90E4BE9BE79A84E58F82E695B0E6B2A1E69C89E68F90E4BE9BEFBC8CE8AFA5E58F82E695B0E7AD89E4BA8E756E646566696E6564EFBC9B0D0AE291A2E5AFB9E8B1A1E6B2A1E69C89E8B58BE580BCE79A84E5B19EE680A7EFBC8CE8AFA5E5B19EE680A7E79A84E580BCE4B8BA756E646566696E6564EFBC9B0D0AE291A3E587BDE695B0E6B2A1E69C89E8BF94E59B9EE580BCEFBC8CE9BB98E8AEA4E8BF94E59B9E756E646566696E6564E380820D0A0D0A0D0A0D0A0D0A0D0A0D0A0D0A0D0A0D0A0D0A0D0A0D0A0D0A0D0A0D0A0D0A0D0A0D0A0D0A0D0A0D0A, null, 'https://picsum.photos/id/1010/800/450', '原创', '', '', '', 'JavaScript基本数据类型', '2020-08-25 15:11:00.918000', '16', '1', '1', 'JavaScript中数据类型分为分为两种：原始类型（即基本数据类型）和对象类型（即引用数据类型）。其中常用的基本数据类型包括undefined、null、number、boolean、string。本篇博客详细解释了常用的基本数据类型以及基本数据类型的特点');
INSERT INTO `t_blog` VALUES ('5', '\0', '\0', 0x717171717171717171717171, '2020-08-20 06:59:01.430000', 'https://picsum.photos/id/1010/800/450', '翻译', '', '', '\0', 'spring原理', '2019-08-20 06:59:01.430000', '1', '1', '1', null);
INSERT INTO `t_blog` VALUES ('6', '\0', '\0', 0x71, null, 'https://picsum.photos/id/1010/800/450', '原创', '', '', '\0', '网上生鲜超市', '2018-08-21 02:27:22.733000', '0', '1', '1', null);
INSERT INTO `t_blog` VALUES ('7', '\0', '', 0x63657368690D0A0D0A786975676169, null, 'https://picsum.photos/id/1010/800/450', '转载', '', '\0', '', 'spring', '2020-07-21 02:34:02.312000', '0', '1', '1', null);
INSERT INTO `t_blog` VALUES ('10', '\0', '\0', 0x737072696E67626F6F74, '2020-08-21 04:17:38.138000', 'https://picsum.photos/id/1010/800/450', '原创', '', '', '\0', 'springboot', '2020-03-21 04:17:38.138000', '2', '1', '1', null);

-- ----------------------------
-- Table structure for t_blog_tags
-- ----------------------------
DROP TABLE IF EXISTS `t_blog_tags`;
CREATE TABLE `t_blog_tags` (
  `blogs_id` bigint(20) NOT NULL,
  `tags_id` bigint(20) NOT NULL,
  KEY `FK5feau0gb4lq47fdb03uboswm8` (`tags_id`),
  KEY `FKh4pacwjwofrugxa9hpwaxg6mr` (`blogs_id`),
  CONSTRAINT `FK5feau0gb4lq47fdb03uboswm8` FOREIGN KEY (`tags_id`) REFERENCES `t_tag` (`id`),
  CONSTRAINT `FKh4pacwjwofrugxa9hpwaxg6mr` FOREIGN KEY (`blogs_id`) REFERENCES `t_blog` (`id`)
) ENGINE=InnoDB DEFAULT CHARSET=utf8mb4 COLLATE=utf8mb4_bin;

-- ----------------------------
-- Records of t_blog_tags
-- ----------------------------
INSERT INTO `t_blog_tags` VALUES ('7', '3');
INSERT INTO `t_blog_tags` VALUES ('7', '4');
INSERT INTO `t_blog_tags` VALUES ('10', '4');
INSERT INTO `t_blog_tags` VALUES ('10', '7');
INSERT INTO `t_blog_tags` VALUES ('1', '6');

-- ----------------------------
-- Table structure for t_comment
-- ----------------------------
DROP TABLE IF EXISTS `t_comment`;
CREATE TABLE `t_comment` (
  `id` bigint(20) NOT NULL AUTO_INCREMENT,
  `avatar` varchar(255) COLLATE utf8mb4_bin DEFAULT NULL,
  `content` varchar(255) COLLATE utf8mb4_bin DEFAULT NULL,
  `create_time` datetime(6) DEFAULT NULL,
  `email` varchar(255) COLLATE utf8mb4_bin DEFAULT NULL,
  `nickname` varchar(255) COLLATE utf8mb4_bin DEFAULT NULL,
  `blog_id` bigint(20) DEFAULT NULL,
  `parent_comment_id` bigint(20) DEFAULT NULL,
  `admin_comment` bit(1) NOT NULL,
  PRIMARY KEY (`id`),
  KEY `FKke3uogd04j4jx316m1p51e05u` (`blog_id`),
  KEY `FK4jj284r3pb7japogvo6h72q95` (`parent_comment_id`),
  CONSTRAINT `FK4jj284r3pb7japogvo6h72q95` FOREIGN KEY (`parent_comment_id`) REFERENCES `t_comment` (`id`),
  CONSTRAINT `FKke3uogd04j4jx316m1p51e05u` FOREIGN KEY (`blog_id`) REFERENCES `t_blog` (`id`)
) ENGINE=InnoDB AUTO_INCREMENT=8 DEFAULT CHARSET=utf8mb4 COLLATE=utf8mb4_bin;

-- ----------------------------
-- Records of t_comment
-- ----------------------------
INSERT INTO `t_comment` VALUES ('1', '/images/avatar.jpg', '测试评论功能', '2020-08-26 14:22:53.780000', '2013722607@qq.com', 'Matt', '1', null, '\0');
INSERT INTO `t_comment` VALUES ('2', '/images/avatar.jpg', '测试回复评论功能', '2020-08-26 15:22:40.197000', 'ye1377663565@163.com', 'Elliot Fu', '1', '1', '\0');
INSERT INTO `t_comment` VALUES ('3', '/images/avatar.jpg', '测试评论功能2.0', '2020-08-27 13:51:47.394000', '2013722607@qq.com', 'Max', '1', null, '\0');
INSERT INTO `t_comment` VALUES ('4', '/images/avatar.jpg', '测试回复评论功能2.0', '2020-08-27 13:52:33.353000', '2013722607@qq.com', 'Barry', '1', '3', '\0');
INSERT INTO `t_comment` VALUES ('5', '/images/avatar.jpg', '测试回复回复评论功能', '2020-08-27 13:56:54.018000', '2013722607@qq.com', 'Max', '1', '4', '\0');
INSERT INTO `t_comment` VALUES ('6', 'https://picsum.photos/id/1028/100', '测试博主评论功能', '2020-08-27 14:19:25.229000', '2013722607@qq.com', 'raging snail', '1', null, '');
INSERT INTO `t_comment` VALUES ('7', 'https://picsum.photos/id/1028/100', '测试博主回复评论功能', '2020-08-27 14:19:46.358000', '2013722607@qq.com', 'raging snail', '1', '3', '');

-- ----------------------------
-- Table structure for t_tag
-- ----------------------------
DROP TABLE IF EXISTS `t_tag`;
CREATE TABLE `t_tag` (
  `id` bigint(20) NOT NULL AUTO_INCREMENT,
  `name` varchar(255) COLLATE utf8mb4_bin DEFAULT NULL,
  PRIMARY KEY (`id`)
) ENGINE=InnoDB AUTO_INCREMENT=8 DEFAULT CHARSET=utf8mb4 COLLATE=utf8mb4_bin;

-- ----------------------------
-- Records of t_tag
-- ----------------------------
INSERT INTO `t_tag` VALUES ('1', 'CSS');
INSERT INTO `t_tag` VALUES ('2', 'HTML');
INSERT INTO `t_tag` VALUES ('3', 'Redis');
INSERT INTO `t_tag` VALUES ('4', 'spring');
INSERT INTO `t_tag` VALUES ('6', 'JavaScript');
INSERT INTO `t_tag` VALUES ('7', 'springboot');

-- ----------------------------
-- Table structure for t_type
-- ----------------------------
DROP TABLE IF EXISTS `t_type`;
CREATE TABLE `t_type` (
  `id` bigint(20) NOT NULL AUTO_INCREMENT,
  `name` varchar(255) COLLATE utf8mb4_bin DEFAULT NULL,
  PRIMARY KEY (`id`)
) ENGINE=InnoDB AUTO_INCREMENT=7 DEFAULT CHARSET=utf8mb4 COLLATE=utf8mb4_bin;

-- ----------------------------
-- Records of t_type
-- ----------------------------
INSERT INTO `t_type` VALUES ('1', '学习笔记');
INSERT INTO `t_type` VALUES ('2', '项目总结');
INSERT INTO `t_type` VALUES ('3', '思考感悟');
INSERT INTO `t_type` VALUES ('4', '错误日志');
INSERT INTO `t_type` VALUES ('5', '数据结构与算法');
INSERT INTO `t_type` VALUES ('6', '优秀文章转载');

-- ----------------------------
-- Table structure for t_user
-- ----------------------------
DROP TABLE IF EXISTS `t_user`;
CREATE TABLE `t_user` (
  `id` bigint(20) NOT NULL AUTO_INCREMENT,
  `avatar` varchar(255) COLLATE utf8mb4_bin DEFAULT NULL,
  `create_time` datetime(6) DEFAULT NULL,
  `email` varchar(255) COLLATE utf8mb4_bin DEFAULT NULL,
  `nickname` varchar(255) COLLATE utf8mb4_bin DEFAULT NULL,
  `password` varchar(255) COLLATE utf8mb4_bin DEFAULT NULL,
  `type` int(11) DEFAULT NULL,
  `update_time` datetime(6) DEFAULT NULL,
  `username` varchar(255) COLLATE utf8mb4_bin DEFAULT NULL,
  PRIMARY KEY (`id`)
) ENGINE=InnoDB AUTO_INCREMENT=2 DEFAULT CHARSET=utf8mb4 COLLATE=utf8mb4_bin;

-- ----------------------------
-- Records of t_user
-- ----------------------------
INSERT INTO `t_user` VALUES ('1', 'https://picsum.photos/id/1028/100', '2020-08-12 16:07:05.000000', '2013722607@qq.com', 'raging snail', '232cb851727762bbf7dd097da3bcd354', '1', '2020-08-12 16:08:17.000000', 'root');
